-- phpMyAdmin SQL Dump
-- version 4.8.4
-- https://www.phpmyadmin.net/
--
-- Hôte : 127.0.0.1:3306
-- Généré le :  ven. 22 mai 2020 à 10:37
-- Version du serveur :  5.7.24
-- Version de PHP :  7.3.1

SET SQL_MODE = "NO_AUTO_VALUE_ON_ZERO";
SET AUTOCOMMIT = 0;
START TRANSACTION;
SET time_zone = "+00:00";


/*!40101 SET @OLD_CHARACTER_SET_CLIENT=@@CHARACTER_SET_CLIENT */;
/*!40101 SET @OLD_CHARACTER_SET_RESULTS=@@CHARACTER_SET_RESULTS */;
/*!40101 SET @OLD_COLLATION_CONNECTION=@@COLLATION_CONNECTION */;
/*!40101 SET NAMES utf8mb4 */;

--
-- Base de données :  `site`
--

-- --------------------------------------------------------

--
-- Structure de la table `admin`
--

DROP TABLE IF EXISTS `admin`;
CREATE TABLE IF NOT EXISTS `admin` (
  `id` int(11) NOT NULL AUTO_INCREMENT,
  `id_user` int(11) NOT NULL,
  PRIMARY KEY (`id`)
) ENGINE=MyISAM AUTO_INCREMENT=2 DEFAULT CHARSET=latin1;

--
-- Déchargement des données de la table `admin`
--

INSERT INTO `admin` (`id`, `id_user`) VALUES
(1, 26);

-- --------------------------------------------------------

--
-- Structure de la table `booking`
--

DROP TABLE IF EXISTS `booking`;
CREATE TABLE IF NOT EXISTS `booking` (
  `booking_id` int(10) NOT NULL AUTO_INCREMENT,
  `user_id` int(10) NOT NULL,
  `room_id` int(10) NOT NULL,
  `booking_date` timestamp NOT NULL DEFAULT CURRENT_TIMESTAMP,
  `check_in` timestamp NOT NULL,
  `check_out` timestamp NOT NULL,
  `payment_status` tinyint(1) NOT NULL,
  PRIMARY KEY (`booking_id`),
  KEY `customer_id` (`user_id`),
  KEY `room_id` (`room_id`)
) ENGINE=InnoDB AUTO_INCREMENT=331 DEFAULT CHARSET=latin1;

--
-- Déchargement des données de la table `booking`
--

INSERT INTO `booking` (`booking_id`, `user_id`, `room_id`, `booking_date`, `check_in`, `check_out`, `payment_status`) VALUES
(7, 15, 18, '2020-05-13 14:48:40', '2020-05-03 08:00:00', '2020-05-08 08:00:00', 0),
(8, 16, 18, '2020-05-13 14:48:40', '2020-05-10 08:00:00', '2020-05-14 08:00:00', 0),
(9, 17, 19, '2020-05-13 14:48:40', '2020-05-01 08:00:00', '2020-05-06 08:00:00', 0),
(10, 18, 19, '2020-05-13 14:48:40', '2020-05-08 08:00:00', '2020-05-13 08:00:00', 0),
(11, 19, 20, '2020-05-13 14:48:40', '2020-05-01 08:00:00', '2020-05-04 08:00:00', 0),
(12, 20, 20, '2020-05-13 14:48:40', '2020-05-06 08:00:00', '2020-05-11 08:00:00', 0),
(13, 21, 29, '2020-05-13 14:48:40', '2020-05-05 08:00:00', '2020-05-10 08:00:00', 0),
(14, 22, 29, '2020-05-13 14:48:40', '2020-05-12 08:00:00', '2020-05-14 08:00:00', 0),
(15, 23, 30, '2020-05-13 14:48:40', '2020-05-04 08:00:00', '2020-05-09 08:00:00', 0),
(16, 24, 30, '2020-05-13 14:48:40', '2020-05-11 08:00:00', '2020-05-14 08:00:00', 0),
(17, 15, 31, '2020-05-13 14:48:40', '2020-05-02 08:00:00', '2020-05-07 08:00:00', 0),
(18, 16, 31, '2020-05-13 14:48:40', '2020-05-11 08:00:00', '2020-05-14 08:00:00', 0),
(19, 17, 50, '2020-05-13 14:48:40', '2020-05-03 08:00:00', '2020-05-06 08:00:00', 0),
(20, 18, 50, '2020-05-13 14:48:40', '2020-05-09 08:00:00', '2020-05-12 08:00:00', 0),
(21, 19, 55, '2020-05-13 14:48:40', '2020-05-02 08:00:00', '2020-05-06 08:00:00', 0),
(22, 20, 55, '2020-05-13 14:48:40', '2020-05-10 08:00:00', '2020-05-13 08:00:00', 0),
(23, 15, 56, '2020-05-13 14:48:40', '2020-05-01 08:00:00', '2020-05-03 08:00:00', 0),
(24, 16, 56, '2020-05-13 14:48:40', '2020-05-09 08:00:00', '2020-05-12 08:00:00', 0),
(25, 15, 18, '2020-05-13 14:48:40', '2020-05-17 08:00:00', '2020-05-22 08:00:00', 0),
(26, 16, 18, '2020-05-13 14:48:40', '2020-05-24 08:00:00', '2020-05-28 08:00:00', 0),
(27, 17, 19, '2020-05-13 14:48:40', '2020-05-15 08:00:00', '2020-05-20 08:00:00', 0),
(28, 18, 19, '2020-05-13 14:48:40', '2020-05-22 08:00:00', '2020-05-27 08:00:00', 0),
(29, 19, 20, '2020-05-13 14:48:40', '2020-05-15 08:00:00', '2020-05-18 08:00:00', 0),
(30, 20, 20, '2020-05-13 14:48:40', '2020-05-20 08:00:00', '2020-05-25 08:00:00', 0),
(31, 21, 29, '2020-05-13 14:48:40', '2020-05-19 08:00:00', '2020-05-24 08:00:00', 0),
(32, 22, 29, '2020-05-13 14:48:40', '2020-05-26 08:00:00', '2020-05-28 08:00:00', 0),
(33, 23, 30, '2020-05-13 14:48:40', '2020-05-18 08:00:00', '2020-05-23 08:00:00', 0),
(34, 24, 30, '2020-05-13 14:48:40', '2020-05-25 08:00:00', '2020-05-28 08:00:00', 0),
(35, 15, 31, '2020-05-13 14:48:40', '2020-05-16 08:00:00', '2020-05-21 08:00:00', 0),
(36, 16, 31, '2020-05-13 14:48:40', '2020-05-25 08:00:00', '2020-05-28 08:00:00', 0),
(37, 17, 50, '2020-05-13 14:48:40', '2020-05-17 08:00:00', '2020-05-20 08:00:00', 0),
(38, 18, 50, '2020-05-13 14:48:40', '2020-05-23 08:00:00', '2020-05-26 08:00:00', 0),
(39, 19, 55, '2020-05-13 14:48:40', '2020-05-16 08:00:00', '2020-05-20 08:00:00', 0),
(40, 20, 55, '2020-05-13 14:48:40', '2020-05-24 08:00:00', '2020-05-27 08:00:00', 0),
(41, 15, 56, '2020-05-13 14:48:40', '2020-05-15 08:00:00', '2020-05-17 08:00:00', 0),
(42, 16, 56, '2020-05-13 14:48:40', '2020-05-23 08:00:00', '2020-05-26 08:00:00', 0),
(43, 15, 60, '2020-05-13 14:52:30', '2020-05-03 08:00:00', '2020-05-08 08:00:00', 0),
(44, 16, 60, '2020-05-13 14:52:30', '2020-05-10 08:00:00', '2020-05-14 08:00:00', 0),
(45, 17, 61, '2020-05-13 14:52:30', '2020-05-01 08:00:00', '2020-05-06 08:00:00', 0),
(46, 18, 61, '2020-05-13 14:52:30', '2020-05-08 08:00:00', '2020-05-13 08:00:00', 0),
(47, 19, 62, '2020-05-13 14:52:30', '2020-05-01 08:00:00', '2020-05-04 08:00:00', 0),
(48, 20, 62, '2020-05-13 14:52:30', '2020-05-06 08:00:00', '2020-05-11 08:00:00', 0),
(49, 21, 71, '2020-05-13 14:52:30', '2020-05-05 08:00:00', '2020-05-10 08:00:00', 0),
(50, 22, 71, '2020-05-13 14:52:30', '2020-05-12 08:00:00', '2020-05-14 08:00:00', 0),
(51, 23, 72, '2020-05-13 14:52:30', '2020-05-04 08:00:00', '2020-05-09 08:00:00', 0),
(52, 24, 72, '2020-05-13 14:52:30', '2020-05-11 08:00:00', '2020-05-14 08:00:00', 0),
(53, 15, 73, '2020-05-13 14:52:30', '2020-05-02 08:00:00', '2020-05-07 08:00:00', 0),
(54, 16, 73, '2020-05-13 14:52:30', '2020-05-11 08:00:00', '2020-05-14 08:00:00', 0),
(55, 17, 92, '2020-05-13 14:52:30', '2020-05-03 08:00:00', '2020-05-06 08:00:00', 0),
(56, 18, 92, '2020-05-13 14:52:30', '2020-05-09 08:00:00', '2020-05-12 08:00:00', 0),
(57, 19, 97, '2020-05-13 14:52:30', '2020-05-02 08:00:00', '2020-05-06 08:00:00', 0),
(58, 20, 97, '2020-05-13 14:52:30', '2020-05-10 08:00:00', '2020-05-13 08:00:00', 0),
(59, 15, 98, '2020-05-13 14:52:30', '2020-05-01 08:00:00', '2020-05-03 08:00:00', 0),
(60, 16, 98, '2020-05-13 14:52:30', '2020-05-09 08:00:00', '2020-05-12 08:00:00', 0),
(61, 15, 60, '2020-05-13 14:52:30', '2020-05-17 08:00:00', '2020-05-22 08:00:00', 0),
(62, 16, 60, '2020-05-13 14:52:30', '2020-05-24 08:00:00', '2020-05-28 08:00:00', 0),
(63, 17, 61, '2020-05-13 14:52:30', '2020-05-15 08:00:00', '2020-05-20 08:00:00', 0),
(64, 18, 61, '2020-05-13 14:52:30', '2020-05-22 08:00:00', '2020-05-27 08:00:00', 0),
(65, 19, 62, '2020-05-13 14:52:30', '2020-05-15 08:00:00', '2020-05-18 08:00:00', 0),
(66, 20, 62, '2020-05-13 14:52:30', '2020-05-20 08:00:00', '2020-05-25 08:00:00', 0),
(67, 21, 71, '2020-05-13 14:52:30', '2020-05-19 08:00:00', '2020-05-24 08:00:00', 0),
(68, 22, 71, '2020-05-13 14:52:30', '2020-05-26 08:00:00', '2020-05-28 08:00:00', 0),
(69, 23, 72, '2020-05-13 14:52:30', '2020-05-18 08:00:00', '2020-05-23 08:00:00', 0),
(70, 24, 72, '2020-05-13 14:52:30', '2020-05-25 08:00:00', '2020-05-28 08:00:00', 0),
(71, 15, 73, '2020-05-13 14:52:30', '2020-05-16 08:00:00', '2020-05-21 08:00:00', 0),
(72, 16, 73, '2020-05-13 14:52:30', '2020-05-25 08:00:00', '2020-05-28 08:00:00', 0),
(73, 17, 92, '2020-05-13 14:52:30', '2020-05-17 08:00:00', '2020-05-20 08:00:00', 0),
(74, 18, 92, '2020-05-13 14:52:30', '2020-05-23 08:00:00', '2020-05-26 08:00:00', 0),
(75, 19, 97, '2020-05-13 14:52:30', '2020-05-16 08:00:00', '2020-05-20 08:00:00', 0),
(76, 20, 97, '2020-05-13 14:52:30', '2020-05-24 08:00:00', '2020-05-27 08:00:00', 0),
(77, 15, 98, '2020-05-13 14:52:30', '2020-05-15 08:00:00', '2020-05-17 08:00:00', 0),
(78, 16, 98, '2020-05-13 14:52:30', '2020-05-23 08:00:00', '2020-05-26 08:00:00', 0),
(79, 15, 102, '2020-05-13 14:55:03', '2020-05-03 08:00:00', '2020-05-08 08:00:00', 0),
(80, 16, 102, '2020-05-13 14:55:03', '2020-05-10 08:00:00', '2020-05-14 08:00:00', 0),
(81, 17, 103, '2020-05-13 14:55:03', '2020-05-01 08:00:00', '2020-05-06 08:00:00', 0),
(82, 18, 103, '2020-05-13 14:55:03', '2020-05-08 08:00:00', '2020-05-13 08:00:00', 0),
(83, 19, 104, '2020-05-13 14:55:03', '2020-05-01 08:00:00', '2020-05-04 08:00:00', 0),
(84, 20, 104, '2020-05-13 14:55:03', '2020-05-06 08:00:00', '2020-05-11 08:00:00', 0),
(85, 21, 113, '2020-05-13 14:55:03', '2020-05-05 08:00:00', '2020-05-10 08:00:00', 0),
(86, 22, 113, '2020-05-13 14:55:03', '2020-05-12 08:00:00', '2020-05-14 08:00:00', 0),
(87, 23, 114, '2020-05-13 14:55:03', '2020-05-04 08:00:00', '2020-05-09 08:00:00', 0),
(88, 24, 114, '2020-05-13 14:55:03', '2020-05-11 08:00:00', '2020-05-14 08:00:00', 0),
(89, 15, 115, '2020-05-13 14:55:03', '2020-05-02 08:00:00', '2020-05-07 08:00:00', 0),
(90, 16, 115, '2020-05-13 14:55:03', '2020-05-11 08:00:00', '2020-05-14 08:00:00', 0),
(91, 17, 134, '2020-05-13 14:55:03', '2020-05-03 08:00:00', '2020-05-06 08:00:00', 0),
(92, 18, 134, '2020-05-13 14:55:03', '2020-05-09 08:00:00', '2020-05-12 08:00:00', 0),
(93, 19, 139, '2020-05-13 14:55:03', '2020-05-02 08:00:00', '2020-05-06 08:00:00', 0),
(94, 20, 139, '2020-05-13 14:55:03', '2020-05-10 08:00:00', '2020-05-13 08:00:00', 0),
(95, 15, 140, '2020-05-13 14:55:03', '2020-05-01 08:00:00', '2020-05-03 08:00:00', 0),
(96, 16, 140, '2020-05-13 14:55:03', '2020-05-09 08:00:00', '2020-05-12 08:00:00', 0),
(97, 15, 102, '2020-05-13 14:55:03', '2020-05-17 08:00:00', '2020-05-22 08:00:00', 0),
(98, 16, 102, '2020-05-13 14:55:03', '2020-05-24 08:00:00', '2020-05-28 08:00:00', 0),
(99, 17, 103, '2020-05-13 14:55:03', '2020-05-15 08:00:00', '2020-05-20 08:00:00', 0),
(100, 18, 103, '2020-05-13 14:55:03', '2020-05-22 08:00:00', '2020-05-27 08:00:00', 0),
(101, 19, 104, '2020-05-13 14:55:03', '2020-05-15 08:00:00', '2020-05-18 08:00:00', 0),
(102, 20, 104, '2020-05-13 14:55:03', '2020-05-20 08:00:00', '2020-05-25 08:00:00', 0),
(103, 21, 113, '2020-05-13 14:55:03', '2020-05-19 08:00:00', '2020-05-24 08:00:00', 0),
(104, 22, 113, '2020-05-13 14:55:03', '2020-05-26 08:00:00', '2020-05-28 08:00:00', 0),
(105, 23, 114, '2020-05-13 14:55:03', '2020-05-18 08:00:00', '2020-05-23 08:00:00', 0),
(106, 24, 114, '2020-05-13 14:55:03', '2020-05-25 08:00:00', '2020-05-28 08:00:00', 0),
(107, 15, 115, '2020-05-13 14:55:03', '2020-05-16 08:00:00', '2020-05-21 08:00:00', 0),
(108, 16, 115, '2020-05-13 14:55:03', '2020-05-25 08:00:00', '2020-05-28 08:00:00', 0),
(109, 17, 134, '2020-05-13 14:55:03', '2020-05-17 08:00:00', '2020-05-20 08:00:00', 0),
(110, 18, 134, '2020-05-13 14:55:03', '2020-05-23 08:00:00', '2020-05-26 08:00:00', 0),
(111, 19, 139, '2020-05-13 14:55:03', '2020-05-16 08:00:00', '2020-05-20 08:00:00', 0),
(112, 20, 139, '2020-05-13 14:55:03', '2020-05-24 08:00:00', '2020-05-27 08:00:00', 0),
(113, 15, 140, '2020-05-13 14:55:03', '2020-05-15 08:00:00', '2020-05-17 08:00:00', 0),
(114, 16, 140, '2020-05-13 14:55:03', '2020-05-23 08:00:00', '2020-05-26 08:00:00', 0),
(115, 15, 144, '2020-05-13 14:57:04', '2020-05-03 08:00:00', '2020-05-08 08:00:00', 0),
(116, 16, 144, '2020-05-13 14:57:04', '2020-05-10 08:00:00', '2020-05-14 08:00:00', 0),
(117, 17, 145, '2020-05-13 14:57:04', '2020-05-01 08:00:00', '2020-05-06 08:00:00', 0),
(118, 18, 145, '2020-05-13 14:57:04', '2020-05-08 08:00:00', '2020-05-13 08:00:00', 0),
(119, 19, 146, '2020-05-13 14:57:04', '2020-05-01 08:00:00', '2020-05-04 08:00:00', 0),
(120, 20, 146, '2020-05-13 14:57:04', '2020-05-06 08:00:00', '2020-05-11 08:00:00', 0),
(121, 21, 155, '2020-05-13 14:57:04', '2020-05-05 08:00:00', '2020-05-10 08:00:00', 0),
(122, 22, 155, '2020-05-13 14:57:04', '2020-05-12 08:00:00', '2020-05-14 08:00:00', 0),
(123, 23, 156, '2020-05-13 14:57:04', '2020-05-04 08:00:00', '2020-05-09 08:00:00', 0),
(124, 24, 156, '2020-05-13 14:57:04', '2020-05-11 08:00:00', '2020-05-14 08:00:00', 0),
(125, 15, 157, '2020-05-13 14:57:04', '2020-05-02 08:00:00', '2020-05-07 08:00:00', 0),
(126, 16, 157, '2020-05-13 14:57:04', '2020-05-11 08:00:00', '2020-05-14 08:00:00', 0),
(127, 17, 176, '2020-05-13 14:57:04', '2020-05-03 08:00:00', '2020-05-06 08:00:00', 0),
(128, 18, 176, '2020-05-13 14:57:04', '2020-05-09 08:00:00', '2020-05-12 08:00:00', 0),
(129, 19, 181, '2020-05-13 14:57:04', '2020-05-02 08:00:00', '2020-05-06 08:00:00', 0),
(130, 20, 181, '2020-05-13 14:57:04', '2020-05-10 08:00:00', '2020-05-13 08:00:00', 0),
(131, 15, 182, '2020-05-13 14:57:04', '2020-05-01 08:00:00', '2020-05-03 08:00:00', 0),
(132, 16, 182, '2020-05-13 14:57:04', '2020-05-09 08:00:00', '2020-05-12 08:00:00', 0),
(133, 15, 144, '2020-05-13 14:57:04', '2020-05-17 08:00:00', '2020-05-22 08:00:00', 0),
(134, 16, 144, '2020-05-13 14:57:04', '2020-05-24 08:00:00', '2020-05-28 08:00:00', 0),
(135, 17, 145, '2020-05-13 14:57:04', '2020-05-15 08:00:00', '2020-05-20 08:00:00', 0),
(136, 18, 145, '2020-05-13 14:57:04', '2020-05-22 08:00:00', '2020-05-27 08:00:00', 0),
(137, 19, 146, '2020-05-13 14:57:04', '2020-05-15 08:00:00', '2020-05-18 08:00:00', 0),
(138, 20, 146, '2020-05-13 14:57:04', '2020-05-20 08:00:00', '2020-05-25 08:00:00', 0),
(139, 21, 155, '2020-05-13 14:57:04', '2020-05-19 08:00:00', '2020-05-24 08:00:00', 0),
(140, 22, 155, '2020-05-13 14:57:04', '2020-05-26 08:00:00', '2020-05-28 08:00:00', 0),
(141, 23, 156, '2020-05-13 14:57:04', '2020-05-18 08:00:00', '2020-05-23 08:00:00', 0),
(142, 24, 156, '2020-05-13 14:57:04', '2020-05-25 08:00:00', '2020-05-28 08:00:00', 0),
(143, 15, 157, '2020-05-13 14:57:04', '2020-05-16 08:00:00', '2020-05-21 08:00:00', 0),
(144, 16, 157, '2020-05-13 14:57:04', '2020-05-25 08:00:00', '2020-05-28 08:00:00', 0),
(145, 17, 176, '2020-05-13 14:57:04', '2020-05-17 08:00:00', '2020-05-20 08:00:00', 0),
(146, 18, 176, '2020-05-13 14:57:04', '2020-05-23 08:00:00', '2020-05-26 08:00:00', 0),
(147, 19, 181, '2020-05-13 14:57:04', '2020-05-16 08:00:00', '2020-05-20 08:00:00', 0),
(148, 20, 181, '2020-05-13 14:57:04', '2020-05-24 08:00:00', '2020-05-27 08:00:00', 0),
(149, 15, 182, '2020-05-13 14:57:04', '2020-05-15 08:00:00', '2020-05-17 08:00:00', 0),
(150, 16, 182, '2020-05-13 14:57:04', '2020-05-23 08:00:00', '2020-05-26 08:00:00', 0),
(151, 15, 186, '2020-05-13 14:59:33', '2020-05-03 08:00:00', '2020-05-08 08:00:00', 0),
(152, 16, 186, '2020-05-13 14:59:33', '2020-05-10 08:00:00', '2020-05-14 08:00:00', 0),
(153, 17, 187, '2020-05-13 14:59:33', '2020-05-01 08:00:00', '2020-05-06 08:00:00', 0),
(154, 18, 187, '2020-05-13 14:59:33', '2020-05-08 08:00:00', '2020-05-13 08:00:00', 0),
(155, 19, 188, '2020-05-13 14:59:33', '2020-05-01 08:00:00', '2020-05-04 08:00:00', 0),
(156, 20, 188, '2020-05-13 14:59:33', '2020-05-06 08:00:00', '2020-05-11 08:00:00', 0),
(157, 21, 197, '2020-05-13 14:59:33', '2020-05-05 08:00:00', '2020-05-10 08:00:00', 0),
(158, 22, 197, '2020-05-13 14:59:33', '2020-05-12 08:00:00', '2020-05-14 08:00:00', 0),
(159, 23, 198, '2020-05-13 14:59:33', '2020-05-04 08:00:00', '2020-05-09 08:00:00', 0),
(160, 24, 198, '2020-05-13 14:59:33', '2020-05-11 08:00:00', '2020-05-14 08:00:00', 0),
(161, 15, 199, '2020-05-13 14:59:33', '2020-05-02 08:00:00', '2020-05-07 08:00:00', 0),
(162, 16, 199, '2020-05-13 14:59:33', '2020-05-11 08:00:00', '2020-05-14 08:00:00', 0),
(163, 17, 218, '2020-05-13 14:59:33', '2020-05-03 08:00:00', '2020-05-06 08:00:00', 0),
(164, 18, 218, '2020-05-13 14:59:33', '2020-05-09 08:00:00', '2020-05-12 08:00:00', 0),
(165, 19, 223, '2020-05-13 14:59:33', '2020-05-02 08:00:00', '2020-05-06 08:00:00', 0),
(166, 20, 223, '2020-05-13 14:59:33', '2020-05-10 08:00:00', '2020-05-13 08:00:00', 0),
(167, 15, 224, '2020-05-13 14:59:33', '2020-05-01 08:00:00', '2020-05-03 08:00:00', 0),
(168, 16, 224, '2020-05-13 14:59:33', '2020-05-09 08:00:00', '2020-05-12 08:00:00', 0),
(169, 15, 186, '2020-05-13 14:59:33', '2020-05-17 08:00:00', '2020-05-22 08:00:00', 0),
(170, 16, 186, '2020-05-13 14:59:33', '2020-05-24 08:00:00', '2020-05-28 08:00:00', 0),
(171, 17, 187, '2020-05-13 14:59:33', '2020-05-15 08:00:00', '2020-05-20 08:00:00', 0),
(172, 18, 187, '2020-05-13 14:59:33', '2020-05-22 08:00:00', '2020-05-27 08:00:00', 0),
(173, 19, 188, '2020-05-13 14:59:33', '2020-05-15 08:00:00', '2020-05-18 08:00:00', 0),
(174, 20, 188, '2020-05-13 14:59:33', '2020-05-20 08:00:00', '2020-05-25 08:00:00', 0),
(175, 21, 197, '2020-05-13 14:59:33', '2020-05-19 08:00:00', '2020-05-24 08:00:00', 0),
(176, 22, 197, '2020-05-13 14:59:33', '2020-05-26 08:00:00', '2020-05-28 08:00:00', 0),
(177, 23, 198, '2020-05-13 14:59:33', '2020-05-18 08:00:00', '2020-05-23 08:00:00', 0),
(178, 24, 198, '2020-05-13 14:59:33', '2020-05-25 08:00:00', '2020-05-28 08:00:00', 0),
(179, 15, 199, '2020-05-13 14:59:33', '2020-05-16 08:00:00', '2020-05-21 08:00:00', 0),
(180, 16, 199, '2020-05-13 14:59:33', '2020-05-25 08:00:00', '2020-05-28 08:00:00', 0),
(181, 17, 218, '2020-05-13 14:59:33', '2020-05-17 08:00:00', '2020-05-20 08:00:00', 0),
(182, 18, 218, '2020-05-13 14:59:33', '2020-05-23 08:00:00', '2020-05-26 08:00:00', 0),
(183, 19, 223, '2020-05-13 14:59:33', '2020-05-16 08:00:00', '2020-05-20 08:00:00', 0),
(184, 20, 223, '2020-05-13 14:59:33', '2020-05-24 08:00:00', '2020-05-27 08:00:00', 0),
(185, 15, 224, '2020-05-13 14:59:33', '2020-05-15 08:00:00', '2020-05-17 08:00:00', 0),
(186, 16, 224, '2020-05-13 14:59:33', '2020-05-23 08:00:00', '2020-05-26 08:00:00', 0),
(187, 15, 228, '2020-05-13 15:01:14', '2020-05-03 08:00:00', '2020-05-08 08:00:00', 0),
(188, 16, 228, '2020-05-13 15:01:14', '2020-05-10 08:00:00', '2020-05-14 08:00:00', 0),
(189, 17, 229, '2020-05-13 15:01:14', '2020-05-01 08:00:00', '2020-05-06 08:00:00', 0),
(190, 18, 229, '2020-05-13 15:01:14', '2020-05-08 08:00:00', '2020-05-13 08:00:00', 0),
(191, 19, 230, '2020-05-13 15:01:14', '2020-05-01 08:00:00', '2020-05-04 08:00:00', 0),
(192, 20, 230, '2020-05-13 15:01:14', '2020-05-06 08:00:00', '2020-05-11 08:00:00', 0),
(193, 21, 239, '2020-05-13 15:01:14', '2020-05-05 08:00:00', '2020-05-10 08:00:00', 0),
(194, 22, 239, '2020-05-13 15:01:14', '2020-05-12 08:00:00', '2020-05-14 08:00:00', 0),
(195, 23, 240, '2020-05-13 15:01:14', '2020-05-04 08:00:00', '2020-05-09 08:00:00', 0),
(196, 24, 240, '2020-05-13 15:01:14', '2020-05-11 08:00:00', '2020-05-14 08:00:00', 0),
(197, 15, 241, '2020-05-13 15:01:14', '2020-05-02 08:00:00', '2020-05-07 08:00:00', 0),
(198, 16, 241, '2020-05-13 15:01:14', '2020-05-11 08:00:00', '2020-05-14 08:00:00', 0),
(199, 17, 260, '2020-05-13 15:01:14', '2020-05-03 08:00:00', '2020-05-06 08:00:00', 0),
(200, 18, 260, '2020-05-13 15:01:14', '2020-05-09 08:00:00', '2020-05-12 08:00:00', 0),
(201, 19, 265, '2020-05-13 15:01:14', '2020-05-02 08:00:00', '2020-05-06 08:00:00', 0),
(202, 20, 265, '2020-05-13 15:01:14', '2020-05-10 08:00:00', '2020-05-13 08:00:00', 0),
(203, 15, 266, '2020-05-13 15:01:14', '2020-05-01 08:00:00', '2020-05-03 08:00:00', 0),
(204, 16, 266, '2020-05-13 15:01:14', '2020-05-09 08:00:00', '2020-05-12 08:00:00', 0),
(205, 15, 228, '2020-05-13 15:01:14', '2020-05-17 08:00:00', '2020-05-22 08:00:00', 0),
(206, 16, 228, '2020-05-13 15:01:14', '2020-05-24 08:00:00', '2020-05-28 08:00:00', 0),
(207, 17, 229, '2020-05-13 15:01:14', '2020-05-15 08:00:00', '2020-05-20 08:00:00', 0),
(208, 18, 229, '2020-05-13 15:01:14', '2020-05-22 08:00:00', '2020-05-27 08:00:00', 0),
(209, 19, 230, '2020-05-13 15:01:14', '2020-05-15 08:00:00', '2020-05-18 08:00:00', 0),
(210, 20, 230, '2020-05-13 15:01:14', '2020-05-20 08:00:00', '2020-05-25 08:00:00', 0),
(211, 21, 239, '2020-05-13 15:01:14', '2020-05-19 08:00:00', '2020-05-24 08:00:00', 0),
(212, 22, 239, '2020-05-13 15:01:14', '2020-05-26 08:00:00', '2020-05-28 08:00:00', 0),
(213, 23, 240, '2020-05-13 15:01:14', '2020-05-18 08:00:00', '2020-05-23 08:00:00', 0),
(214, 24, 240, '2020-05-13 15:01:14', '2020-05-25 08:00:00', '2020-05-28 08:00:00', 0),
(215, 15, 241, '2020-05-13 15:01:14', '2020-05-16 08:00:00', '2020-05-21 08:00:00', 0),
(216, 16, 241, '2020-05-13 15:01:14', '2020-05-25 08:00:00', '2020-05-28 08:00:00', 0),
(217, 17, 260, '2020-05-13 15:01:14', '2020-05-17 08:00:00', '2020-05-20 08:00:00', 0),
(218, 18, 260, '2020-05-13 15:01:14', '2020-05-23 08:00:00', '2020-05-26 08:00:00', 0),
(219, 19, 265, '2020-05-13 15:01:14', '2020-05-16 08:00:00', '2020-05-20 08:00:00', 0),
(220, 20, 265, '2020-05-13 15:01:14', '2020-05-24 08:00:00', '2020-05-27 08:00:00', 0),
(221, 15, 266, '2020-05-13 15:01:14', '2020-05-15 08:00:00', '2020-05-17 08:00:00', 0),
(222, 16, 266, '2020-05-13 15:01:14', '2020-05-23 08:00:00', '2020-05-26 08:00:00', 0),
(223, 15, 270, '2020-05-13 15:03:41', '2020-05-03 08:00:00', '2020-05-08 08:00:00', 0),
(224, 16, 270, '2020-05-13 15:03:41', '2020-05-10 08:00:00', '2020-05-14 08:00:00', 0),
(225, 17, 271, '2020-05-13 15:03:41', '2020-05-01 08:00:00', '2020-05-06 08:00:00', 0),
(226, 18, 271, '2020-05-13 15:03:41', '2020-05-08 08:00:00', '2020-05-13 08:00:00', 0),
(227, 19, 272, '2020-05-13 15:03:41', '2020-05-01 08:00:00', '2020-05-04 08:00:00', 0),
(228, 20, 272, '2020-05-13 15:03:41', '2020-05-06 08:00:00', '2020-05-11 08:00:00', 0),
(229, 21, 281, '2020-05-13 15:03:41', '2020-05-05 08:00:00', '2020-05-10 08:00:00', 0),
(230, 22, 281, '2020-05-13 15:03:41', '2020-05-12 08:00:00', '2020-05-14 08:00:00', 0),
(231, 23, 282, '2020-05-13 15:03:41', '2020-05-04 08:00:00', '2020-05-09 08:00:00', 0),
(232, 24, 282, '2020-05-13 15:03:41', '2020-05-11 08:00:00', '2020-05-14 08:00:00', 0),
(233, 15, 283, '2020-05-13 15:03:41', '2020-05-02 08:00:00', '2020-05-07 08:00:00', 0),
(234, 16, 283, '2020-05-13 15:03:41', '2020-05-11 08:00:00', '2020-05-14 08:00:00', 0),
(235, 17, 302, '2020-05-13 15:03:41', '2020-05-03 08:00:00', '2020-05-06 08:00:00', 0),
(236, 18, 302, '2020-05-13 15:03:41', '2020-05-09 08:00:00', '2020-05-12 08:00:00', 0),
(237, 19, 307, '2020-05-13 15:03:41', '2020-05-02 08:00:00', '2020-05-06 08:00:00', 0),
(238, 20, 307, '2020-05-13 15:03:41', '2020-05-10 08:00:00', '2020-05-13 08:00:00', 0),
(239, 15, 308, '2020-05-13 15:03:41', '2020-05-01 08:00:00', '2020-05-03 08:00:00', 0),
(240, 16, 308, '2020-05-13 15:03:41', '2020-05-09 08:00:00', '2020-05-12 08:00:00', 0),
(241, 15, 270, '2020-05-13 15:03:41', '2020-05-17 08:00:00', '2020-05-22 08:00:00', 0),
(242, 16, 270, '2020-05-13 15:03:41', '2020-05-24 08:00:00', '2020-05-28 08:00:00', 0),
(243, 17, 271, '2020-05-13 15:03:41', '2020-05-15 08:00:00', '2020-05-20 08:00:00', 0),
(244, 18, 271, '2020-05-13 15:03:41', '2020-05-22 08:00:00', '2020-05-27 08:00:00', 0),
(245, 19, 272, '2020-05-13 15:03:41', '2020-05-15 08:00:00', '2020-05-18 08:00:00', 0),
(246, 20, 272, '2020-05-13 15:03:41', '2020-05-20 08:00:00', '2020-05-25 08:00:00', 0),
(247, 21, 281, '2020-05-13 15:03:41', '2020-05-19 08:00:00', '2020-05-24 08:00:00', 0),
(248, 22, 281, '2020-05-13 15:03:41', '2020-05-26 08:00:00', '2020-05-28 08:00:00', 0),
(249, 23, 282, '2020-05-13 15:03:41', '2020-05-18 08:00:00', '2020-05-23 08:00:00', 0),
(250, 24, 282, '2020-05-13 15:03:41', '2020-05-25 08:00:00', '2020-05-28 08:00:00', 0),
(251, 15, 283, '2020-05-13 15:03:41', '2020-05-16 08:00:00', '2020-05-21 08:00:00', 0),
(252, 16, 283, '2020-05-13 15:03:41', '2020-05-25 08:00:00', '2020-05-28 08:00:00', 0),
(253, 17, 302, '2020-05-13 15:03:41', '2020-05-17 08:00:00', '2020-05-20 08:00:00', 0),
(254, 18, 302, '2020-05-13 15:03:41', '2020-05-23 08:00:00', '2020-05-26 08:00:00', 0),
(255, 19, 307, '2020-05-13 15:03:41', '2020-05-16 08:00:00', '2020-05-20 08:00:00', 0),
(256, 20, 307, '2020-05-13 15:03:41', '2020-05-24 08:00:00', '2020-05-27 08:00:00', 0),
(257, 15, 308, '2020-05-13 15:03:41', '2020-05-15 08:00:00', '2020-05-17 08:00:00', 0),
(258, 16, 308, '2020-05-13 15:03:41', '2020-05-23 08:00:00', '2020-05-26 08:00:00', 0),
(259, 15, 312, '2020-05-13 15:05:21', '2020-05-03 08:00:00', '2020-05-08 08:00:00', 0),
(260, 16, 312, '2020-05-13 15:05:21', '2020-05-10 08:00:00', '2020-05-14 08:00:00', 0),
(261, 17, 313, '2020-05-13 15:05:21', '2020-05-01 08:00:00', '2020-05-06 08:00:00', 0),
(262, 18, 313, '2020-05-13 15:05:21', '2020-05-08 08:00:00', '2020-05-13 08:00:00', 0),
(263, 19, 314, '2020-05-13 15:05:21', '2020-05-01 08:00:00', '2020-05-04 08:00:00', 0),
(264, 20, 314, '2020-05-13 15:05:21', '2020-05-06 08:00:00', '2020-05-11 08:00:00', 0),
(265, 21, 323, '2020-05-13 15:05:21', '2020-05-05 08:00:00', '2020-05-10 08:00:00', 0),
(266, 22, 323, '2020-05-13 15:05:21', '2020-05-12 08:00:00', '2020-05-14 08:00:00', 0),
(267, 23, 324, '2020-05-13 15:05:21', '2020-05-04 08:00:00', '2020-05-09 08:00:00', 0),
(268, 24, 324, '2020-05-13 15:05:21', '2020-05-11 08:00:00', '2020-05-14 08:00:00', 0),
(269, 15, 325, '2020-05-13 15:05:21', '2020-05-02 08:00:00', '2020-05-07 08:00:00', 0),
(270, 16, 325, '2020-05-13 15:05:21', '2020-05-11 08:00:00', '2020-05-14 08:00:00', 0),
(271, 17, 344, '2020-05-13 15:05:21', '2020-05-03 08:00:00', '2020-05-06 08:00:00', 0),
(272, 18, 344, '2020-05-13 15:05:21', '2020-05-09 08:00:00', '2020-05-12 08:00:00', 0),
(273, 19, 349, '2020-05-13 15:05:21', '2020-05-02 08:00:00', '2020-05-06 08:00:00', 0),
(274, 20, 349, '2020-05-13 15:05:21', '2020-05-10 08:00:00', '2020-05-13 08:00:00', 0),
(275, 15, 350, '2020-05-13 15:05:21', '2020-05-01 08:00:00', '2020-05-03 08:00:00', 0),
(276, 16, 350, '2020-05-13 15:05:21', '2020-05-09 08:00:00', '2020-05-12 08:00:00', 0),
(277, 15, 312, '2020-05-13 15:05:21', '2020-05-17 08:00:00', '2020-05-22 08:00:00', 0),
(278, 16, 312, '2020-05-13 15:05:21', '2020-05-24 08:00:00', '2020-05-28 08:00:00', 0),
(279, 17, 313, '2020-05-13 15:05:21', '2020-05-15 08:00:00', '2020-05-20 08:00:00', 0),
(280, 18, 313, '2020-05-13 15:05:21', '2020-05-22 08:00:00', '2020-05-27 08:00:00', 0),
(281, 19, 314, '2020-05-13 15:05:21', '2020-05-15 08:00:00', '2020-05-18 08:00:00', 0),
(282, 20, 314, '2020-05-13 15:05:21', '2020-05-20 08:00:00', '2020-05-25 08:00:00', 0),
(283, 21, 323, '2020-05-13 15:05:21', '2020-05-19 08:00:00', '2020-05-24 08:00:00', 0),
(284, 22, 323, '2020-05-13 15:05:21', '2020-05-26 08:00:00', '2020-05-28 08:00:00', 0),
(285, 23, 324, '2020-05-13 15:05:21', '2020-05-18 08:00:00', '2020-05-23 08:00:00', 0),
(286, 24, 324, '2020-05-13 15:05:21', '2020-05-25 08:00:00', '2020-05-28 08:00:00', 0),
(287, 15, 325, '2020-05-13 15:05:21', '2020-05-16 08:00:00', '2020-05-21 08:00:00', 0),
(288, 16, 325, '2020-05-13 15:05:21', '2020-05-25 08:00:00', '2020-05-28 08:00:00', 0),
(289, 17, 344, '2020-05-13 15:05:21', '2020-05-17 08:00:00', '2020-05-20 08:00:00', 0),
(290, 18, 344, '2020-05-13 15:05:21', '2020-05-23 08:00:00', '2020-05-26 08:00:00', 0),
(291, 19, 349, '2020-05-13 15:05:21', '2020-05-16 08:00:00', '2020-05-20 08:00:00', 0),
(292, 20, 349, '2020-05-13 15:05:21', '2020-05-24 08:00:00', '2020-05-27 08:00:00', 0),
(293, 15, 350, '2020-05-13 15:05:21', '2020-05-15 08:00:00', '2020-05-17 08:00:00', 0),
(294, 16, 350, '2020-05-13 15:05:21', '2020-05-23 08:00:00', '2020-05-26 08:00:00', 0),
(295, 15, 354, '2020-05-13 15:07:10', '2020-05-03 08:00:00', '2020-05-08 08:00:00', 0),
(296, 16, 354, '2020-05-13 15:07:10', '2020-05-10 08:00:00', '2020-05-14 08:00:00', 0),
(297, 17, 355, '2020-05-13 15:07:10', '2020-05-01 08:00:00', '2020-05-06 08:00:00', 0),
(298, 18, 355, '2020-05-13 15:07:10', '2020-05-08 08:00:00', '2020-05-13 08:00:00', 0),
(299, 19, 356, '2020-05-13 15:07:10', '2020-05-01 08:00:00', '2020-05-04 08:00:00', 0),
(300, 20, 356, '2020-05-13 15:07:10', '2020-05-06 08:00:00', '2020-05-11 08:00:00', 0),
(301, 21, 365, '2020-05-13 15:07:10', '2020-05-05 08:00:00', '2020-05-10 08:00:00', 0),
(302, 22, 365, '2020-05-13 15:07:10', '2020-05-12 08:00:00', '2020-05-14 08:00:00', 0),
(303, 23, 366, '2020-05-13 15:07:10', '2020-05-04 08:00:00', '2020-05-09 08:00:00', 0),
(304, 24, 366, '2020-05-13 15:07:10', '2020-05-11 08:00:00', '2020-05-14 08:00:00', 0),
(305, 15, 367, '2020-05-13 15:07:10', '2020-05-02 08:00:00', '2020-05-07 08:00:00', 0),
(306, 16, 367, '2020-05-13 15:07:10', '2020-05-11 08:00:00', '2020-05-14 08:00:00', 0),
(307, 17, 386, '2020-05-13 15:07:10', '2020-05-03 08:00:00', '2020-05-06 08:00:00', 0),
(308, 18, 386, '2020-05-13 15:07:10', '2020-05-09 08:00:00', '2020-05-12 08:00:00', 0),
(309, 19, 391, '2020-05-13 15:07:10', '2020-05-02 08:00:00', '2020-05-06 08:00:00', 0),
(310, 20, 391, '2020-05-13 15:07:10', '2020-05-10 08:00:00', '2020-05-13 08:00:00', 0),
(311, 15, 392, '2020-05-13 15:07:10', '2020-05-01 08:00:00', '2020-05-03 08:00:00', 0),
(312, 16, 392, '2020-05-13 15:07:10', '2020-05-09 08:00:00', '2020-05-12 08:00:00', 0),
(313, 15, 354, '2020-05-13 15:07:10', '2020-05-17 08:00:00', '2020-05-22 08:00:00', 0),
(314, 16, 354, '2020-05-13 15:07:10', '2020-05-24 08:00:00', '2020-05-28 08:00:00', 0),
(315, 17, 355, '2020-05-13 15:07:10', '2020-05-15 08:00:00', '2020-05-20 08:00:00', 0),
(316, 18, 355, '2020-05-13 15:07:10', '2020-05-22 08:00:00', '2020-05-27 08:00:00', 0),
(317, 19, 356, '2020-05-13 15:07:10', '2020-05-15 08:00:00', '2020-05-18 08:00:00', 0),
(318, 20, 356, '2020-05-13 15:07:10', '2020-05-20 08:00:00', '2020-05-25 08:00:00', 0),
(319, 21, 365, '2020-05-13 15:07:10', '2020-05-19 08:00:00', '2020-05-24 08:00:00', 0),
(320, 22, 365, '2020-05-13 15:07:10', '2020-05-26 08:00:00', '2020-05-28 08:00:00', 0),
(321, 23, 366, '2020-05-13 15:07:10', '2020-05-18 08:00:00', '2020-05-23 08:00:00', 0),
(322, 24, 366, '2020-05-13 15:07:10', '2020-05-25 08:00:00', '2020-05-28 08:00:00', 0),
(323, 15, 367, '2020-05-13 15:07:10', '2020-05-16 08:00:00', '2020-05-21 08:00:00', 0),
(324, 16, 367, '2020-05-13 15:07:10', '2020-05-25 08:00:00', '2020-05-28 08:00:00', 0),
(325, 17, 386, '2020-05-13 15:07:10', '2020-05-17 08:00:00', '2020-05-20 08:00:00', 0),
(326, 18, 386, '2020-05-13 15:07:10', '2020-05-23 08:00:00', '2020-05-26 08:00:00', 0),
(327, 19, 391, '2020-05-13 15:07:10', '2020-05-16 08:00:00', '2020-05-20 08:00:00', 0),
(328, 20, 391, '2020-05-13 15:07:10', '2020-05-24 08:00:00', '2020-05-27 08:00:00', 0),
(329, 15, 392, '2020-05-13 15:07:10', '2020-05-15 08:00:00', '2020-05-17 08:00:00', 0),
(330, 16, 392, '2020-05-13 15:07:10', '2020-05-23 08:00:00', '2020-05-26 08:00:00', 0);

-- --------------------------------------------------------

--
-- Structure de la table `complaint`
--

DROP TABLE IF EXISTS `complaint`;
CREATE TABLE IF NOT EXISTS `complaint` (
  `id` int(11) NOT NULL AUTO_INCREMENT,
  `id_user` int(11) NOT NULL,
  `grade` int(11) NOT NULL,
  `title_complaint` varchar(100) NOT NULL,
  `complaint` varchar(200) NOT NULL,
  `created_at` timestamp NOT NULL DEFAULT CURRENT_TIMESTAMP,
  PRIMARY KEY (`id`)
) ENGINE=InnoDB AUTO_INCREMENT=8 DEFAULT CHARSET=latin1;

--
-- Déchargement des données de la table `complaint`
--

INSERT INTO `complaint` (`id`, `id_user`, `grade`, `title_complaint`, `complaint`, `created_at`) VALUES
(5, 15, 5, 'Un endroit parfait', 'Sa situation, son aimable personnel, son excellent petit-déjeuner, ses chambres de style parisien, notre 6e séjour en cet hôtel et nous n\'avons jamais été déçus.', '2020-05-13 15:18:11'),
(6, 16, 5, 'Quel bon séjour !', 'L’hôtel est très beau et idéalement situé !\r\nTout était parfait, mention toute particulière pour le brunch du dimanche ! Nous y retournerons sans hésiter !', '2020-05-13 15:18:11'),
(7, 17, 5, 'Nous avons adoré', 'Un hotel tout simplement d\'un charme fou.\r\nDes espaces agréables, un accueil très pro et agréable, et une restauration avec des découvertes très intéressantes.', '2020-05-13 15:18:11');

-- --------------------------------------------------------

--
-- Structure de la table `hotel`
--

DROP TABLE IF EXISTS `hotel`;
CREATE TABLE IF NOT EXISTS `hotel` (
  `hotel_id` int(10) NOT NULL AUTO_INCREMENT,
  `hotel_localisation_country` varchar(20) NOT NULL,
  `hotel_localisation_city` varchar(20) NOT NULL,
  `manager_id` int(11) NOT NULL,
  PRIMARY KEY (`hotel_id`)
) ENGINE=InnoDB AUTO_INCREMENT=11 DEFAULT CHARSET=latin1;

--
-- Déchargement des données de la table `hotel`
--

INSERT INTO `hotel` (`hotel_id`, `hotel_localisation_country`, `hotel_localisation_city`, `manager_id`) VALUES
(1, 'Maroc', 'Marrakech', 1),
(2, 'France', 'Paris', 1),
(3, 'Emirat Arabes Unis', 'Dubai', 1),
(4, 'Etats Unis', 'New York', 1),
(5, 'Italie', 'Rome', 1),
(6, 'Royaume Uni', 'Londres', 1),
(7, 'Thaïlande', 'Bangkok', 1),
(8, 'Indonésie', 'Bali', 1),
(9, 'Pays-Bas', 'Amsterdam', 1),
(10, 'Brésil', 'Rio de Janeiro', 1);

-- --------------------------------------------------------

--
-- Structure de la table `hotel_description`
--

DROP TABLE IF EXISTS `hotel_description`;
CREATE TABLE IF NOT EXISTS `hotel_description` (
  `id` int(11) NOT NULL AUTO_INCREMENT,
  `id_hotel` int(11) NOT NULL,
  `quote` varchar(250) NOT NULL,
  `city_description` varchar(1600) NOT NULL,
  PRIMARY KEY (`id`)
) ENGINE=MyISAM AUTO_INCREMENT=11 DEFAULT CHARSET=latin1;

--
-- Déchargement des données de la table `hotel_description`
--

INSERT INTO `hotel_description` (`id`, `id_hotel`, `quote`, `city_description`) VALUES
(1, 1, 'Véritable palette impressionniste à l’ombre de l’Atlas enneigé, Marrakech ensorcelle.', 'Enivrante de parfums de jasmin, de fleur d’oranger ou de thé à la menthe, éclatante de vie et de sonorités chantantes, la Ville rouge ne se laisse pas enfermer par son surnom : multicolore, elle déploie, au détour de ses ruelles, des bleus Majorelle, des verts mordants – comme à la fabuleuse Palmeraie plantée de 100 000 arbres, des jaune canari et des cuivrés chatoyants. Véritable palette impressionniste à l’ombre de l’Atlas enneigé, Marrakech ensorcelle.'),
(2, 2, 'Paris est un véritable océan. Jetez-y la sonde, vous n’en connaîtrez jamais la profondeur.', 'Altière, classique subtilement rebelle, classieuse un brin irrévérencieuse, la Ville Lumière recèle d’innombrables temps forts et ne se livre totalement qu’au visiteur qui s’attarde. Ville Lumière, disons-nous ? Paris puise en effet son surnom au XVIIe siècle, où les visiteurs de passage s’émerveillèrent de son éclairage public dense et précurseur pour l’époque, et de la présence de lanternes aux fenêtres des habitants.'),
(3, 3, 'Cette métropole futuriste offre aux visiteurs une expérience unique et riche.', 'Telle une flamboyante oasis venue sourdre des sables du désert, Dubaï cristallise toute la ferveur du Moyen-Orient. Il y a encore quelques décennies, avant que les gratte-ciel ne s’alignent dans une opulence étincelante, Dubaï n’était qu’un modeste port de pêche, adossé à un désert aride sillonné de Bédouins et réputé pour son commerce de perles. Le pétrole, coulant en abondance à la fin des années 60, donna naissance à la cité cosmopolite d’aujourd’hui.'),
(4, 4, 'Trépidante, vibrionnante, elle sait faire résonner chaque couleur, texture, sonorité avec une force inénarrable.', 'Extrasensorielle par essence, stimulante par excellence, New York éveille mille sensations et décuple les émotions comme nulle autre au monde. Trépidante, vibrionnante, elle sait faire résonner chaque couleur, texture, sonorité ou parfum avec une force inénarrable. Hautement sensitive, terriblement addictive, elle vous saisit à bras le corps, pour ne plus jamais vous lâcher. A chaque coin de rue, de Madison Avenue à Greenwich Village, New York est un choc émotionnel qui décline ses stimuli exaltants : odeur alléchante du Paris-NY du pâtissier français Dominique Ansel, vrombissement d’un Hummer succédant au chuintement feutré du dernier modèle Tesla, vertige visuel de Chrysler Building ou du ballet des yellow cabs, saveurs créatives distillées par Anne-Sophie Pic dans son restaurant flambant neuf… La quintessence de la ville se respire, se touche, se déguste à chaque pas en un itinéraire frénétique jamais linéaire.'),
(5, 5, 'La Ville Eternelle déploie une profusion d\'œuvres d\'art, de sites archéologiques iconiques, d\'églises baroques.', 'Façonnée depuis l\'Antiquité par l’histoire et les grands courants artistiques, Rome livre des trésors immémoriaux aux visiteurs en quête d’émerveillement. La Ville Eternelle déploie une profusion d\'œuvres d\'art, de sites archéologiques iconiques, d\'églises baroques et de monuments de toute beauté, enchâssés dans de verdoyants jardins abreuvés par les eaux du Tibre. « Tout à Rome étonne », notait ainsi Stendhal au début du XIXe siècle.'),
(6, 6, 'Distinguée mais ouverte aux tendances, révérencieuse et libérée, la pétillante capitale anglaise bouillonne.', 'Tantôt muse arty, royale connaissance ou alliée shopping, Londres semble en permanence hésiter entre une coiffe princière et une crête punk. Entre Buckingham Palace et Camden. Distinguée mais ouverte aux tendances, révérencieuse et libérée, la pétillante capitale anglaise bouillonne et fait la fête court vêtue tout en sacralisant ses institutions et traditions. Une identité multiple dans laquelle cohabitent sans peine course ultra-racée du Royal Ascot, rebonds sur gazon de Wimbledon et tournoi de quidditch des studios Harry Potter.'),
(7, 7, 'Au milieu d’une jungle urbaine percée de rares enclaves verdoyantes, les rituels ancestraux perdurent.', 'Fiévreuse et mystique à la fois, Bangkok cultive les paradoxes. A ses marchés flottants répondent des gratte-ciel gigantesques, et les malls luxueux défient désormais les quelque 400 temples traditionnels. Peu à peu, le folklore a fait de la place à l’ultra modernisme, sans que les Thaïs ne se départissent jamais de leur ferveur et de leur inextinguible sourire. Au milieu d’une jungle urbaine percée de rares enclaves verdoyantes comme le Parc Lumphini, les rituels ancestraux perdurent superbement.'),
(8, 8, 'Bali condense une identité séculaire remarquable, des monuments saisissants et des paysages époustouflants.', 'Sur son territoire de poche, Bali condense une identité séculaire remarquable, des monuments saisissants et des paysages époustouflants. Apprivoisée à certains endroits par l’homme qui créa des cultures de riz en terrasses de toute beauté, la campagne balinaise a su préserver des zones sauvages : la délicate et inhabitée « île au cerf », Menjangan, qui mêle mangrove et parc national protégé, ou les impressionnantes chutes d’eau de Sekumpul. Volcanique, la région abrite de nombreux géants ensommeillés aux pentes fertiles tels les monts Batur et Agung qui offrent de belles ascensions et d’éblouissants levers de soleil aux randonneurs vaillants.'),
(9, 9, 'Dans cette capitale à taille humaine, le quotidien se vit définitivement sur un autre tempo.', 'En péniche, à vélo ou à pieds, c’est en privilégiant un rythme souple et lent qu’on se laisse envoûter par la belle des Pays-Bas, dévoilant à la fois un abord simple et une étonnante complexité. Les multiples canaux qui la découpent créent un décor tantôt mystérieux, tantôt lyrique où se déploient le marché aux fleurs le plus réputé du monde, de grands diamantaires et une audacieuse scène créative. Amsterdam cristallise aussi l’histoire sans fin d’un combat contre la mer, d’extension en extension, et ses maisons à l’échine parfois courbée comptent les points, entre pilotis et ressac.'),
(10, 10, 'Face à l\'Atlantique, sur la Côte Est du plus grand pays d\'Amérique Latine, Rio jaillit de la forêt tropicale.', 'Surplombée par le légendaire Christ Rédempteur, Rio de Janeiro ne se dévoile jamais si bien que depuis ses hauteurs montagneuses iconiques. Depuis le Corcovado, le Mont Urca, le Pedra da Gavea, ou le monolithe du Pain de Sucre, la baie de Guanabara donne le vertige. La bouillonnante mégapole monte à flanc de collines luxuriantes, enlace de vastes pans de granit et se coule jusqu\'à un littoral étincelant, semé de plages au sable doré et d’îlots paradisiaques.');

-- --------------------------------------------------------

--
-- Structure de la table `hotel_service`
--

DROP TABLE IF EXISTS `hotel_service`;
CREATE TABLE IF NOT EXISTS `hotel_service` (
  `hotel_service_id` int(11) NOT NULL AUTO_INCREMENT,
  `hotel_id` int(11) NOT NULL,
  `service_id` int(11) NOT NULL,
  PRIMARY KEY (`hotel_service_id`)
) ENGINE=MyISAM AUTO_INCREMENT=99 DEFAULT CHARSET=latin1;

--
-- Déchargement des données de la table `hotel_service`
--

INSERT INTO `hotel_service` (`hotel_service_id`, `hotel_id`, `service_id`) VALUES
(1, 1, 8),
(2, 1, 3),
(4, 1, 6),
(5, 1, 9),
(6, 1, 11),
(7, 1, 12),
(8, 1, 13),
(9, 1, 14),
(10, 1, 15),
(11, 1, 16),
(12, 2, 3),
(14, 2, 6),
(15, 2, 11),
(16, 2, 13),
(17, 2, 14),
(18, 2, 15),
(19, 2, 16),
(20, 3, 2),
(21, 3, 3),
(22, 3, 4),
(24, 3, 6),
(25, 3, 7),
(26, 3, 8),
(27, 3, 9),
(28, 3, 10),
(29, 3, 11),
(30, 3, 12),
(31, 3, 13),
(32, 3, 14),
(33, 3, 15),
(34, 3, 16),
(35, 4, 3),
(37, 4, 6),
(38, 4, 9),
(39, 4, 11),
(40, 4, 13),
(41, 4, 14),
(42, 5, 3),
(44, 5, 6),
(45, 5, 9),
(46, 5, 11),
(47, 5, 13),
(48, 5, 14),
(49, 5, 15),
(50, 5, 16),
(51, 6, 3),
(53, 6, 6),
(54, 6, 9),
(55, 6, 11),
(56, 6, 13),
(57, 6, 14),
(58, 6, 15),
(59, 6, 16),
(60, 7, 3),
(62, 7, 6),
(63, 7, 7),
(64, 7, 10),
(65, 7, 12),
(66, 7, 13),
(67, 7, 14),
(68, 7, 15),
(69, 7, 16),
(70, 8, 3),
(72, 8, 6),
(73, 8, 7),
(74, 8, 10),
(75, 8, 12),
(76, 8, 13),
(77, 8, 14),
(78, 8, 15),
(79, 8, 16),
(80, 10, 3),
(82, 10, 6),
(83, 10, 7),
(84, 10, 10),
(85, 10, 12),
(86, 10, 13),
(87, 10, 14),
(88, 10, 15),
(89, 10, 16),
(90, 9, 3),
(92, 9, 6),
(93, 9, 9),
(94, 9, 11),
(95, 9, 13),
(96, 9, 14),
(97, 9, 15),
(98, 9, 16);

-- --------------------------------------------------------

--
-- Structure de la table `room`
--

DROP TABLE IF EXISTS `room`;
CREATE TABLE IF NOT EXISTS `room` (
  `room_id` int(10) NOT NULL AUTO_INCREMENT,
  `room_type_id` int(10) NOT NULL,
  `room_no` varchar(10) NOT NULL,
  `hotel_id` int(11) NOT NULL,
  PRIMARY KEY (`room_id`),
  KEY `room_type_id` (`room_type_id`)
) ENGINE=InnoDB AUTO_INCREMENT=435 DEFAULT CHARSET=latin1;

--
-- Déchargement des données de la table `room`
--

INSERT INTO `room` (`room_id`, `room_type_id`, `room_no`, `hotel_id`) VALUES
(18, 1, '101', 1),
(19, 1, '102', 1),
(20, 1, '103', 1),
(29, 2, '201', 1),
(30, 2, '202', 1),
(31, 2, '203', 1),
(50, 3, '301', 1),
(55, 4, '401', 1),
(56, 4, '402', 1),
(60, 1, '101', 2),
(61, 1, '102', 2),
(62, 1, '103', 2),
(71, 2, '201', 2),
(72, 2, '202', 2),
(73, 2, '203', 2),
(92, 3, '301', 2),
(97, 4, '401', 2),
(98, 4, '402', 2),
(102, 1, '101', 3),
(103, 1, '102', 3),
(104, 1, '103', 3),
(113, 2, '201', 3),
(114, 2, '202', 3),
(115, 2, '203', 3),
(134, 3, '301', 3),
(139, 4, '401', 3),
(140, 4, '402', 3),
(144, 1, '101', 4),
(145, 1, '102', 4),
(146, 1, '103', 4),
(155, 2, '201', 4),
(156, 2, '202', 4),
(157, 2, '203', 4),
(176, 3, '301', 4),
(181, 4, '401', 4),
(182, 4, '402', 4),
(186, 1, '101', 5),
(187, 1, '102', 5),
(188, 1, '103', 5),
(197, 2, '201', 5),
(198, 2, '202', 5),
(199, 2, '203', 5),
(218, 3, '301', 5),
(223, 4, '401', 5),
(224, 4, '402', 5),
(228, 1, '101', 6),
(229, 1, '102', 6),
(230, 1, '103', 6),
(239, 2, '201', 6),
(240, 2, '202', 6),
(241, 2, '203', 6),
(260, 3, '301', 6),
(265, 4, '401', 6),
(266, 4, '402', 6),
(270, 1, '101', 7),
(271, 1, '102', 7),
(272, 1, '103', 7),
(281, 2, '201', 7),
(282, 2, '202', 7),
(283, 2, '203', 7),
(302, 3, '301', 7),
(307, 4, '401', 7),
(308, 4, '402', 7),
(312, 1, '101', 8),
(313, 1, '102', 8),
(314, 1, '103', 8),
(323, 2, '201', 8),
(324, 2, '202', 8),
(325, 2, '203', 8),
(344, 3, '301', 8),
(349, 4, '401', 8),
(350, 4, '402', 8),
(354, 1, '101', 9),
(355, 1, '102', 9),
(356, 1, '103', 9),
(365, 2, '201', 9),
(366, 2, '202', 9),
(367, 2, '203', 9),
(386, 3, '301', 9),
(391, 4, '401', 9),
(392, 4, '402', 9),
(396, 1, '101', 10),
(397, 1, '102', 10),
(398, 1, '103', 10),
(407, 2, '201', 10),
(408, 2, '202', 10),
(409, 2, '203', 10),
(428, 3, '301', 10),
(433, 4, '401', 10),
(434, 4, '402', 10);

-- --------------------------------------------------------

--
-- Structure de la table `room_type`
--

DROP TABLE IF EXISTS `room_type`;
CREATE TABLE IF NOT EXISTS `room_type` (
  `room_type_id` int(10) NOT NULL,
  `room_type` varchar(100) NOT NULL,
  `got_tel` tinyint(1) NOT NULL,
  `got_tv` tinyint(1) NOT NULL,
  `price` int(10) NOT NULL,
  `nbr_bed` int(10) NOT NULL,
  PRIMARY KEY (`room_type_id`)
) ENGINE=InnoDB DEFAULT CHARSET=latin1;

--
-- Déchargement des données de la table `room_type`
--

INSERT INTO `room_type` (`room_type_id`, `room_type`, `got_tel`, `got_tv`, `price`, `nbr_bed`) VALUES
(1, 'Standard', 0, 0, 1000, 1),
(2, 'Tourisme', 1, 0, 1500, 1),
(3, 'Confort', 1, 1, 3000, 2),
(4, 'Luxe', 1, 1, 4000, 2);

-- --------------------------------------------------------

--
-- Structure de la table `service`
--

DROP TABLE IF EXISTS `service`;
CREATE TABLE IF NOT EXISTS `service` (
  `id_service` int(11) NOT NULL AUTO_INCREMENT,
  `name` varchar(100) NOT NULL,
  PRIMARY KEY (`id_service`)
) ENGINE=MyISAM AUTO_INCREMENT=17 DEFAULT CHARSET=latin1;

--
-- Déchargement des données de la table `service`
--

INSERT INTO `service` (`id_service`, `name`) VALUES
(2, 'Bowling'),
(3, 'Restaurant'),
(4, 'Cours de Tennis'),
(6, 'Bar'),
(7, 'Plage'),
(8, 'Piscine'),
(9, 'Espace detente'),
(10, 'Casino'),
(11, 'Conciergerie'),
(12, 'Salle de sport'),
(13, 'Service en Chambre'),
(14, 'Pressing'),
(15, 'Salle de conférence'),
(16, 'Salle de reception');

-- --------------------------------------------------------

--
-- Structure de la table `staff`
--

DROP TABLE IF EXISTS `staff`;
CREATE TABLE IF NOT EXISTS `staff` (
  `emp_id` int(11) NOT NULL AUTO_INCREMENT,
  `id_user` int(11) NOT NULL,
  `staff_type_id` int(11) NOT NULL,
  `updated_at` timestamp NOT NULL DEFAULT CURRENT_TIMESTAMP ON UPDATE CURRENT_TIMESTAMP,
  PRIMARY KEY (`emp_id`),
  KEY `staff_type_id` (`staff_type_id`)
) ENGINE=InnoDB AUTO_INCREMENT=3 DEFAULT CHARSET=latin1;

--
-- Déchargement des données de la table `staff`
--

INSERT INTO `staff` (`emp_id`, `id_user`, `staff_type_id`, `updated_at`) VALUES
(1, 25, 1, '2020-05-20 19:31:32');

-- --------------------------------------------------------

--
-- Structure de la table `staff_type`
--

DROP TABLE IF EXISTS `staff_type`;
CREATE TABLE IF NOT EXISTS `staff_type` (
  `staff_type_id` int(10) NOT NULL,
  `staff_type` varchar(100) NOT NULL,
  PRIMARY KEY (`staff_type_id`)
) ENGINE=InnoDB DEFAULT CHARSET=latin1;

--
-- Déchargement des données de la table `staff_type`
--

INSERT INTO `staff_type` (`staff_type_id`, `staff_type`) VALUES
(1, 'Manager'),
(2, 'Cleaning'),
(3, 'Reception'),
(4, 'Cook'),
(5, 'Waiter');

-- --------------------------------------------------------

--
-- Structure de la table `user`
--

DROP TABLE IF EXISTS `user`;
CREATE TABLE IF NOT EXISTS `user` (
  `id` int(11) NOT NULL AUTO_INCREMENT,
  `lastname` varchar(100) NOT NULL,
  `firstname` varchar(100) NOT NULL,
  `email` varchar(100) NOT NULL,
  `password` varchar(100) NOT NULL,
  `created_at` timestamp NOT NULL DEFAULT CURRENT_TIMESTAMP,
  PRIMARY KEY (`id`)
) ENGINE=InnoDB AUTO_INCREMENT=27 DEFAULT CHARSET=latin1;

--
-- Déchargement des données de la table `user`
--

INSERT INTO `user` (`id`, `lastname`, `firstname`, `email`, `password`, `created_at`) VALUES
(15, 'Müller', 'Gunter', 'gunter.muller@gmail.com', '$2y$10$Cy4tZTOboEFYCM7.QUOTbO22oodbHyL/SAYwHKwEAj2.363AtLLLW', '2020-05-11 14:48:21'),
(16, 'Wang', 'Su', 'su.wang@gmail.com', '$2y$10$iimZD68UNYJA08PrT9P6y.16i.bMFNvvBYY4vGTP7WdNo26Pi531K', '2020-05-11 14:48:47'),
(17, 'Rodriguez', 'Julia', 'julia.rodriguez@gmail.com', '$2y$10$zLqntIlhZqf5ZI2oo00yluCFc0g7l/Xxe7gGYY.FiJ71reVkjDt8K', '2020-05-11 14:49:11'),
(18, 'Ivanova', 'Vladimir', 'vladimir.ivanova@gmail.com', '$2y$10$SbuvblZvJj.apupwfrPjh.CD8oRi9DHk5HWHqkvlmrC6m6vH.wANu', '2020-05-11 14:49:39'),
(19, 'Smith', 'John', 'john.smith@gmail.com', '$2y$10$fq0FFfNcvNKErRSFSQ6yLeD111IDZKp0fN4UP6snNfNuvlV7v3lzi', '2020-05-11 14:50:04'),
(20, 'Garcia', 'Sergent', 'sergent.garcia@gmail.com', '$2y$10$gv2G70KhJmEtLKscdd.QCOre4S1xVS/PoN9wx.wkVFQtGT8fZyUNu', '2020-05-11 14:50:27'),
(21, 'Satõ', 'Sora', 'sora.sato@gmail.com', '$2y$10$BYFEcX/Zlk2Bd/a68Oe8tufyK7D/ud6tyf.TnPaEPAmUmOuTCz0eu', '2020-05-11 14:51:35'),
(22, 'Durand', 'Mathieu', 'mathieu.durand@gmail.com', '$2y$10$u84sf.HDWGVkpaFwPv5l1e2Fq8qd1xbxEvuJptYPhF8FJkYIxgWEO', '2020-05-11 14:51:56'),
(23, 'Da Silva', 'Rafael', 'rafael.dasilva@gmail.com', '$2y$10$rSxYOEjIitnnRxC4ldN5PuMg.MLEmE0mwPhYbiAcsiyGwrPCTm/O.', '2020-05-11 14:52:17'),
(24, 'Devi', 'Rajesh', 'rajesh.devi@gmail.com', '$2y$10$uLPIfc59RWMWB/Vzm0bMP.tGKSeKWWe0tRIbEKitx5Oofh4oP/Iyy', '2020-05-11 14:52:38'),
(25, 'test', 'test', 'test@test.com', '$2y$10$hKSY8RQzSEipkGBiSlr6dOAPZ4Dgf8PM9ee7duVHj2zncZqorZ5k.', '2020-05-11 14:53:13'),
(26, 'admin', 'admin', 'admin@admin.com', '$2y$10$QqsXEn1dEpk8okLCSvUa8e8HCqhr2sgzaMCTX1ch4cwlEZjtpYPJS', '2020-05-13 16:26:23');
COMMIT;


-- Structure de la table `payment`
--

CREATE TABLE `payment` (
                           `id_payment` int(10) NOT NULL AUTO_INCREMENT,
                           `name_card` varchar(20) NOT NULL,
                           `number_card` int(20) NOT NULL,
                           `date_card` varchar(20) NOT NULL,
                           `amount_total` int(11) NOT NULL,
                           `amount_rooms` int(11) NOT NULL,
                           `amount_services` int(11) NOT NULL,

                           `code` int(5) NOT NULL,
                           PRIMARY KEY (`id_payment`)
) ENGINE=InnoDB  AUTO_INCREMENT=1 DEFAULT CHARSET=utf8mb4;


--
INSERT INTO `payment` (`id_payment`, `name_card`, `number_card`, `date_card`, `amount_total`, `amount_rooms`, `amount_services`, `code`) VALUES
(1, 'salem', 1254874, '20/05/2024', 115000, 100000, 15000, 251);

COMMIT;


/*!40101 SET CHARACTER_SET_CLIENT=@OLD_CHARACTER_SET_CLIENT */;
/*!40101 SET CHARACTER_SET_RESULTS=@OLD_CHARACTER_SET_RESULTS */;
/*!40101 SET COLLATION_CONNECTION=@OLD_COLLATION_CONNECTION */;
